,S1,S2,S3,S4,S5,S6,S7,S8
Iso_1_1,2556,1717,2135,2052,2357,2095,512,519
Iso_1_2,1566,1488,2263,1499,1444,2237,312,410
Iso_1_3,1062,994,1201,985,1435,1133,327,275
Iso_1_4,551,502,412,596,444,507,2027,1636
Iso_1_5,606,696,691,711,675,663,2480,2537
Iso_1_6,232,291,272,217,347,356,1123,1050
Iso_1_7,1878,2197,1918,1807,1940,1956,522,518
Iso_1_8,868,1018,1152,782,915,667,3564,3547
Iso_1_9,846,1079,969,1013,672,822,228,166
Iso_1_10,887,828,1054,761,969,818,2244,3509
Iso_1_11,694,937,828,965,965,781,242,306
Iso_1_12,599,557,694,594,600,514,134,171
Iso_1_13,41,20,42,28,29,34,102,126
Iso_1_14,4295,4179,5127,5828,5229,4830,1419,1276
Iso_1_15,3468,2667,3689,3307,2877,2942,601,693
Iso_1_16,1644,1424,1900,1431,1638,1768,6901,6464
Iso_1_17,1224,1405,1409,1333,1262,1317,3820,4466
Iso_1_18,2957,3267,2067,2677,1948,2531,7700,9680
Iso_1_19,380,331,452,378,426,376,1273,1177
Iso_1_20,6648,7169,7288,8713,7812,7943,2038,1962
Iso_1_21,3017,2846,3702,2970,2725,3246,723,1085
Iso_1_22,104,96,99,76,104,102,385,400
Iso_1_23,2357,2475,2300,2421,2055,2410,715,577
Iso_1_24,920,974,713,1041,882,757,319,275
Iso_1_25,2942,2297,3647,2965,2608,3028,10473,10263
Iso_1_26,517,403,445,396,386,496,1475,1716
Iso_1_27,4968,4872,4538,4799,4623,4337,1410,1285
Iso_1_28,406,404,409,439,322,451,103,118
Iso_1_29,526,737,575,682,629,529,2507,2340
Iso_1_30,8385,6878,7405,8145,6269,8661,1719,1447
Iso_1_31,1281,973,1042,1229,815,764,323,289
Iso_1_32,794,706,727,731,755,692,171,163
Iso_1_33,251,232,291,267,215,241,809,954
Iso_1_34,1508,1493,1294,1526,1442,1422,5514,5755
Iso_1_35,29,40,27,43,40,51,15,13
Iso_1_36,1029,1859,1489,1718,1929,1874,447,356
Iso_1_37,5323,5996,5212,3638,3917,3072,1279,1063
Iso_1_38,903,971,1381,872,1084,1003,3415,2866
Iso_1_39,2466,2689,3564,2754,2617,2837,840,896
Iso_1_40,2087,2296,2330,2337,2180,2530,547,563
Iso_1_41,3275,3517,3973,4121,3763,3631,1132,956
Iso_1_42,242,250,264,323,232,218,957,863
Iso_1_43,667,589,556,550,445,512,162,161
Iso_1_44,1342,1523,1916,1656,1503,1564,5138,5679
Iso_1_45,2125,2589,2562,2291,2037,2441,695,524
Iso_1_46,931,917,786,886,797,849,3100,3654
Iso_1_47,2170,1874,1721,1883,1799,1934,7599,7264
Iso_1_48,237,169,295,209,231,204,796,904
Iso_1_49,1034,901,1047,1037,976,1235,260,328
Iso_1_50,6,5,1,3,5,1,2,4
Iso_1_51,1094,1216,1095,1154,1115,1108,3251,3205
Iso_1_52,2830,2949,2949,2798,2436,2660,11977,11885
Iso_1_53,6896,5759,5182,5602,5987,6968,19482,21162
Iso_1_54,807,818,842,600,942,992,146,225
Iso_1_55,8735,10743,7939,10206,7748,9943,1758,2742
Iso_1_56,2978,2843,3116,3159,3315,3265,843,768
Iso_1_57,2967,3095,2922,2847,2765,2727,10740,12105
Iso_1_58,1713,1697,1642,1621,1740,1778,5970,6132
Iso_1_59,1901,2657,2359,2078,2136,2664,609,645
Iso_1_60,2062,2095,1807,2506,1981,2307,7496,7535
Iso_1_61,8,12,3,10,4,8,38,28
Iso_1_62,2548,2345,2767,2827,2368,2633,682,650
Iso_1_63,3243,3253,3048,3271,3125,3761,12204,12846
Iso_1_64,3871,3902,3647,4212,3678,3899,1092,1129
Iso_1_65,4046,4583,5007,4863,5010,4260,18670,16538
Iso_1_66,4531,6048,5143,4551,5918,3926,910,1040
Iso_1_67,833,880,1019,1029,957,922,4122,3655
Iso_1_68,951,1076,1127,1154,1092,1068,4494,4571
Iso_1_69,1134,1201,1347,1090,1054,1234,4530,3787
Iso_1_70,2912,2647,3234,2621,2752,2233,593,518
Iso_1_71,724,855,710,707,529,667,158,236
Iso_1_72,670,632,634,650,673,715,2137,2532
Iso_1_73,1078,1266,1286,1216,1337,1198,350,341
Iso_1_74,1411,1354,1402,1360,1325,1444,381,456
Iso_1_75,1041,1120,1063,944,889,1056,254,224
Iso_1_76,356,348,357,387,390,385,100,88
Iso_1_77,719,745,762,644,775,820,164,158
Iso_1_78,1372,1177,659,1122,851,844,205,220
Iso_1_79,438,469,320,386,400,441,1561,1315
Iso_1_80,38,13,32,40,27,35,82,98
Iso_1_81,6462,6060,5075,5913,5680,6543,1680,1542
Iso_1_82,163,152,156,161,135,179,37,40
Iso_1_83,296,215,215,248,241,253,771,1055
Iso_1_84,825,747,814,786,805,879,2550,2475
Iso_1_85,2714,2276,2399,2450,2502,2446,566,571
Iso_1_86,400,276,436,401,314,448,1343,1801
Iso_1_87,819,855,580,713,1019,935,3404,4794
Iso_1_88,323,347,309,331,302,308,1318,1294
Iso_1_89,148,100,134,133,117,125,413,353
Iso_1_90,18,34,22,35,26,21,128,112
Iso_1_91,2365,2154,1536,1689,1723,1823,7248,6811
Iso_1_92,2243,2146,2311,2245,2448,2104,7799,7537
Iso_1_93,153,168,182,179,182,219,42,63
Iso_1_94,634,515,619,566,675,559,187,214
Iso_1_95,4475,3335,3754,4198,4903,3941,995,1153
Iso_1_96,339,317,347,337,363,374,1168,1233
Iso_1_97,274,275,302,277,263,292,804,1114
Iso_1_98,549,533,572,599,587,599,2437,2453
Iso_1_99,1126,1158,1144,1035,1008,1014,4055,4154
Iso_1_100,3455,3557,2867,4573,4212,3441,845,985
Iso_1_101,891,622,789,645,2253,1789,463,680
Iso_1_102,3920,4409,4766,4087,1002,1121,4295,4216
Iso_1_103,90,120,114,117,507,458,126,98
Iso_1_104,326,327,299,298,1187,1319,331,346
Iso_1_105,3823,5157,4157,4957,880,907,3301,3475
Iso_1_106,237,235,289,234,942,844,298,219
Iso_1_107,371,419,285,472,974,1324,317,380
Iso_1_108,6329,6130,6310,6739,1700,1832,6590,5995
Iso_1_109,12,12,16,7,36,45,5,8
Iso_1_110,324,428,378,288,1165,1271,328,340
Iso_1_111,552,211,373,276,1490,1095,345,329
Iso_1_112,1711,2093,1625,1937,487,556,1707,1850
Iso_1_113,108,166,184,144,44,38,149,110
Iso_1_114,772,700,631,668,2677,2384,671,637
Iso_1_115,3275,2816,3480,3364,1098,1054,3909,3054
Iso_1_116,104,104,141,81,315,338,130,64
Iso_1_117,212,240,252,238,916,1023,297,234
Iso_1_118,4757,4122,5003,4596,1096,1230,4339,4867
Iso_1_119,6657,6413,6493,6576,2005,1831,5922,6075
Iso_1_120,5885,6026,5569,5151,1405,1314,4938,5286
Iso_1_121,94,73,72,95,303,372,93,92
Iso_1_122,1118,688,1134,784,3249,2928,648,674
Iso_1_123,130,136,179,106,40,40,136,93
Iso_1_124,433,424,480,395,2034,1679,601,565
Iso_1_125,4034,3670,3335,3079,16976,18234,4925,4164
Iso_1_126,418,501,458,562,1846,1679,426,554
Iso_1_127,19,25,19,19,71,92,21,16
Iso_1_128,240,157,157,208,715,962,154,265
Iso_1_129,16,24,18,15,60,56,31,21
Iso_1_130,50,71,58,69,192,243,76,62
Iso_1_131,799,785,787,749,2615,2642,726,802
Iso_1_132,722,873,772,879,169,175,722,894
Iso_1_133,1505,1467,2537,1260,410,343,1608,1390
Iso_1_134,2723,2285,2423,2394,704,760,2449,2498
Iso_1_135,50,79,54,49,311,152,50,49
Iso_1_136,813,718,875,901,154,186,712,806
Iso_1_137,1085,945,845,1249,3931,3887,916,988
Iso_1_138,103,83,117,117,380,356,137,109
Iso_1_139,5,4,6,8,20,16,6,7
Iso_1_140,395,548,414,539,117,142,409,556
Iso_1_141,52,50,43,56,163,167,39,52
Iso_1_142,17,17,14,14,5,6,10,25
Iso_1_143,963,942,933,907,254,303,970,942
Iso_1_144,868,722,647,1078,4082,3097,634,966
Iso_1_145,860,910,957,838,3551,3544,915,867
Iso_1_146,849,582,810,723,235,198,682,746
Iso_1_147,405,478,500,419,1693,1647,487,427
Iso_1_148,589,517,525,516,1803,2289,519,544
Iso_1_149,84,92,64,70,250,301,83,73
Iso_1_150,995,1027,1081,964,3576,4006,1144,959
Iso_1_151,48,45,43,25,129,151,40,57
Iso_1_152,1685,1676,1722,1566,6943,7070,1780,1794
Iso_1_153,244,251,246,225,76,74,283,230
Iso_1_154,7679,7011,6134,6776,1936,1794,6789,6134
Iso_1_155,438,474,448,381,2005,1964,416,454
Iso_1_156,10924,12155,11333,11181,3110,3217,11410,11742
Iso_1_157,447,475,479,454,1713,1709,456,478
Iso_1_158,2435,2822,2085,2327,937,644,2786,2347
Iso_1_159,128,171,120,170,389,545,114,150
Iso_1_160,2743,2538,2875,2665,844,850,3042,2917
Iso_1_161,2988,3174,3166,3153,9336,7943,1883,2989
Iso_1_162,2525,2148,2142,2231,8043,7832,2233,2174
Iso_1_163,12039,11300,9971,10230,2223,2368,11833,11503
Iso_1_164,246,314,310,272,1094,1122,336,261
Iso_1_165,1652,1370,1510,1625,455,475,1688,1771
Iso_1_166,409,406,384,408,1418,1774,416,454
Iso_1_167,55,46,90,42,287,191,70,51
Iso_1_168,839,801,783,820,3631,3335,765,790
Iso_1_169,339,345,400,339,1240,1770,272,391
Iso_1_170,13,7,6,5,22,19,4,8
Iso_1_171,284,268,194,308,1119,1061,257,263
Iso_1_172,378,391,306,343,82,69,358,323
Iso_1_173,786,881,859,815,2890,3456,980,915
Iso_1_174,1166,1341,1403,1627,4898,5145,1332,1156
Iso_1_175,260,234,249,254,896,882,269,143
Iso_1_176,350,561,342,414,1501,1816,365,600
Iso_1_177,13,11,19,12,48,65,16,13
Iso_1_178,241,328,316,295,724,1002,214,276
Iso_1_179,871,798,1009,902,2581,2956,952,843
Iso_1_180,442,309,350,322,1162,884,379,348
Iso_1_181,1725,2226,1760,1891,8876,8823,1983,2024
Iso_1_182,1209,1494,1363,1406,6112,5792,1419,1434
Iso_1_183,303,340,304,267,1038,1192,318,299
Iso_1_184,4095,4382,3898,4185,1376,954,4178,4442
Iso_1_185,1487,1130,1536,1241,304,261,1341,1276
Iso_1_186,129,135,64,117,48,45,147,121
Iso_1_187,136,157,111,133,452,387,86,169
Iso_1_188,1397,1132,1350,1154,324,327,1084,1221
Iso_1_189,649,544,541,328,1066,1449,522,485
Iso_1_190,711,889,1594,1247,3364,3726,1346,1017
Iso_1_191,111,68,83,102,369,454,130,116
Iso_1_192,2341,2538,2615,2807,11413,10878,2704,2574
Iso_1_193,113,99,108,117,414,369,106,101
Iso_1_194,289,328,248,330,1121,1149,296,387
Iso_1_195,1493,1496,1738,1456,459,389,1613,1373
Iso_1_196,72,131,83,98,25,20,118,105
Iso_1_197,725,691,737,619,2961,2667,758,724
Iso_1_198,200,224,167,204,785,790,211,220
Iso_1_199,7128,7445,7851,7409,2262,2055,6927,7282
Iso_1_200,3425,3481,4116,3474,798,888,3499,3548
Iso_1_201,307,292,76,72,89,88,90,86
Iso_1_202,821,743,2690,2238,2534,2673,2335,3090
Iso_1_203,743,1016,2929,2755,3523,3388,4210,2704
Iso_1_204,197,179,50,34,42,46,40,32
Iso_1_205,516,541,99,134,105,123,156,108
Iso_1_206,69,73,378,343,319,268,314,248
Iso_1_207,320,264,82,90,85,73,80,107
Iso_1_208,1856,2097,582,580,552,490,488,478
Iso_1_209,195,223,797,813,807,675,673,813
Iso_1_210,166,177,625,660,735,627,642,615
Iso_1_211,3329,3565,12144,9966,13335,13641,9568,12414
Iso_1_212,3932,2484,872,1113,863,959,912,890
Iso_1_213,307,300,946,1287,782,1361,912,1102
Iso_1_214,608,644,166,173,149,173,180,143
Iso_1_215,144,132,618,498,561,504,513,436
Iso_1_216,699,628,153,131,153,138,120,99
Iso_1_217,731,708,1296,1442,1708,2207,2086,2069
Iso_1_218,674,566,204,170,175,248,156,206
Iso_1_219,695,748,203,206,161,203,181,210
Iso_1_220,101,111,358,393,451,375,357,352
Iso_1_221,234,380,1160,1213,1203,1389,1336,1375
Iso_1_222,3478,3521,1004,1014,993,1308,1213,857
Iso_1_223,4906,4240,1351,1123,1540,1105,1187,1185
Iso_1_224,3913,5451,1095,1055,1210,1305,1137,1009
Iso_1_225,53,66,23,17,18,11,20,21
Iso_1_226,479,355,1390,1663,1493,1198,1699,1433
Iso_1_227,2826,3199,674,890,760,729,671,826
Iso_1_228,730,750,3136,2964,3209,2812,2801,3166
Iso_1_229,2957,3007,988,905,863,807,845,915
Iso_1_230,377,426,1449,1278,1387,1423,1587,1249
Iso_1_231,2953,3003,838,704,798,835,800,762
Iso_1_232,5354,6020,1392,1368,1279,1542,1484,1388
Iso_1_233,6741,6146,1663,1839,1706,1451,1356,1751
Iso_1_234,10393,9973,2989,2753,2738,2811,2735,2965
Iso_1_235,236,166,667,767,919,731,675,779
Iso_1_236,470,440,1261,1306,1465,1188,1112,1356
Iso_1_237,14071,12275,3970,3936,3727,3466,3812,3840
Iso_1_238,348,349,1443,1477,1344,1373,1173,1302
Iso_1_239,392,293,1890,1251,1292,994,1205,1964
Iso_1_240,2682,2338,562,656,619,576,557,625
Iso_1_241,108,100,462,492,436,415,375,512
Iso_1_242,7,11,4,0,1,7,2,2
Iso_1_243,2779,2788,710,864,765,855,829,758
Iso_1_244,1730,2060,7821,10797,8336,9216,6896,8592
Iso_1_245,4376,3646,917,1207,1437,838,1139,1237
Iso_1_246,994,991,3884,5011,4991,5562,4413,4506
Iso_1_247,711,760,149,184,180,135,155,128
Iso_1_248,759,877,200,194,216,185,228,268
Iso_1_249,319,298,1312,1837,1555,1358,1914,1287
Iso_1_250,1255,1137,361,353,335,385,343,320
Iso_1_251,384,453,1420,1431,1143,1535,1256,1404
Iso_1_252,665,727,3141,2691,3120,3367,3203,2761
Iso_1_253,117,112,416,445,542,585,545,451
Iso_1_254,1133,809,3472,3448,3656,4459,3624,4254
Iso_1_255,378,459,1201,1271,1531,1672,1429,1806
Iso_1_256,27,41,159,170,137,167,162,196
Iso_1_257,75,63,325,283,303,294,277,301
Iso_1_258,972,974,4243,3786,3825,3931,4124,4061
Iso_1_259,1763,1830,503,522,517,507,515,517
Iso_1_260,466,465,102,122,161,106,123,106
Iso_1_261,798,1202,3902,3174,3464,5504,4639,4143
Iso_1_262,178,111,625,567,689,510,513,501
Iso_1_263,18833,14749,3712,4402,3572,3665,4086,3733
Iso_1_264,3482,4128,883,1025,1022,964,1009,1076
Iso_1_265,2051,2368,540,602,659,575,663,537
Iso_1_266,1960,1448,491,545,556,500,439,497
Iso_1_267,298,376,100,84,106,129,79,77
Iso_1_268,724,979,2444,3034,2543,3242,2943,2503
Iso_1_269,2297,1948,482,480,462,626,509,477
Iso_1_270,68,49,19,8,12,9,6,17
Iso_1_271,1848,2180,505,402,465,500,436,426
Iso_1_272,862,803,3563,3833,5602,4677,4417,3700
Iso_1_273,12578,11995,3380,3684,4340,3302,3183,3322
Iso_1_274,6627,5611,1881,1425,1741,1932,1592,1573
Iso_1_275,1994,2191,622,537,609,782,638,615
Iso_1_276,1445,1483,4620,6639,6251,5318,7091,4066
Iso_1_277,2687,2599,611,557,647,661,540,681
Iso_1_278,5402,6989,1959,1931,1845,1748,1566,2025
Iso_1_279,50,35,12,14,10,11,12,3
Iso_1_280,327,349,1210,1334,1328,1226,1308,1118
Iso_1_281,2060,1730,543,496,574,572,686,599
Iso_1_282,179,191,631,592,645,642,652,766
Iso_1_283,75,84,347,255,233,411,393,185
Iso_1_284,2682,3432,785,863,656,768,840,809
Iso_1_285,352,608,204,183,193,271,159,114
Iso_1_286,2719,2819,11635,10883,11895,9757,12986,10618
Iso_1_287,5,3,41,36,26,27,19,22
Iso_1_288,48,67,250,171,205,193,287,210
Iso_1_289,5924,5468,1016,1044,1206,1201,1015,1219
Iso_1_290,53,101,442,212,356,305,338,214
Iso_1_291,267,326,1154,1314,1312,1237,1103,1222
Iso_1_292,532,548,210,200,127,173,186,200
Iso_1_293,562,532,150,150,159,173,111,149
Iso_1_294,314,197,1307,1131,1322,1137,1159,1087
Iso_1_295,260,197,787,722,733,712,897,905
Iso_1_296,883,921,283,260,249,249,240,279
Iso_1_297,732,746,3554,4055,3195,3899,3252,3009
Iso_1_298,173,153,49,51,46,42,52,51
Iso_1_299,5388,5129,1401,1297,1389,1397,1185,1471
Iso_1_300,170,139,367,633,517,421,480,402
Iso_1_301,217,151,3026,2886,769,650,13148,10352
Iso_1_302,1217,1197,5068,4288,17715,21178,312,289
Iso_1_303,1300,1304,283,260,61,59,6080,4600
Iso_1_304,11740,12376,266,302,3415,3699,1054,1002
Iso_1_305,1010,1373,13540,19416,4217,4035,481,436
Iso_1_306,1046,1319,20364,21633,382,305,7884,5173
Iso_1_307,129,114,39,39,368,425,1691,1581
Iso_1_308,241,200,36,40,11,12,913,815
Iso_1_309,207,193,944,877,3669,2859,10091,9644
Iso_1_310,343,312,13472,14462,4487,4399,1091,1183
Iso_1_311,187,177,49,53,10,18,858,965
Iso_1_312,1888,2212,619,723,7362,7437,156,131
Iso_1_313,1839,1730,44,40,580,440,157,147
Iso_1_314,24943,27690,6886,8275,653,545,2110,1920
Iso_1_315,83,76,933,924,3414,3760,302,267
Iso_1_316,880,902,248,283,3506,3315,12858,12700
Iso_1_317,700,756,246,251,8089,7699,2214,2023
Iso_1_318,379,569,1688,2124,4447,6444,20985,20168
Iso_1_319,990,1476,4356,4004,369,396,19863,15270
Iso_1_320,474,473,7489,5922,1793,1691,196,138
Iso_1_321,5297,4888,14567,11736,402,460,1398,1215
Iso_1_322,5736,4190,15265,18810,1450,1103,473,484
Iso_1_323,376,242,3103,2772,701,1115,11069,9358
Iso_1_324,4088,4919,239,267,1309,1032,15900,18463
Iso_1_325,33,55,166,208,8,7,5,0
Iso_1_326,137,159,579,530,5,14,32,32
Iso_1_327,8033,4890,510,642,2303,2236,143,180
Iso_1_328,10062,13563,979,873,248,208,3691,3247
Iso_1_329,535,634,2026,2755,6338,8641,146,143
Iso_1_330,97,93,1140,1172,368,277,4550,3814
Iso_1_331,558,367,14134,18898,4948,4574,1456,1679
Iso_1_332,317,476,13339,15143,1663,1259,4544,3944
Iso_1_333,176,131,55,61,15,22,625,687
Iso_1_334,5686,5788,1499,1599,18252,19584,352,374
Iso_1_335,675,750,2439,2331,214,192,9543,7852
Iso_1_336,1711,2136,5761,7573,25653,24647,645,481
Iso_1_337,344,383,1436,1343,5993,4949,17325,20678
Iso_1_338,547,450,135,142,2386,2242,6354,9459
Iso_1_339,5521,7608,179,126,453,393,1562,1632
Iso_1_340,334,323,12841,13088,3297,3847,1067,1060
Iso_1_341,219,213,12599,10505,861,1060,2769,3136
Iso_1_342,2159,2902,929,1122,12494,11774,300,335
Iso_1_343,125,149,43,23,1629,1718,459,529
Iso_1_344,2460,3602,252,160,14063,11477,809,621
Iso_1_345,902,958,28,28,293,310,91,74
Iso_1_346,8091,6369,645,596,2200,2153,27263,28462
Iso_1_347,364,471,1550,1362,4670,5596,22179,19411
Iso_1_348,59,57,767,692,14,9,188,142
Iso_1_349,2044,2189,141,129,10887,6972,614,564
Iso_1_350,1367,1251,366,276,119,108,34,22
Iso_1_351,6142,5171,20939,17605,503,418,1825,1759
Iso_1_352,1388,1992,372,547,26,28,112,127
Iso_1_353,130,160,2142,2734,8530,7616,673,632
Iso_1_354,116,103,2134,1789,9545,7828,414,501
Iso_1_355,4131,4032,210,198,17478,17869,994,1035
Iso_1_356,355,327,1082,990,16247,14022,4366,4655
Iso_1_357,362,429,10463,10961,2337,1753,145,162
Iso_1_358,3718,3171,12324,18353,1102,824,364,216
Iso_1_359,3577,3672,252,304,13687,12525,869,990
Iso_1_360,1021,1001,230,241,14088,13510,3795,3804
Iso_1_361,6373,7893,1465,2099,147,77,679,443
Iso_1_362,342,308,5584,5208,1242,1253,22111,22030
Iso_1_363,391,443,7345,6679,2183,1901,29462,25239
Iso_1_364,3392,3568,239,235,767,784,12067,10265
Iso_1_365,22990,23030,1755,1448,498,459,5988,7044
Iso_1_366,1199,1208,268,306,17414,14957,4243,5586
Iso_1_367,4688,4699,430,446,15394,14877,1207,1463
Iso_1_368,216,211,696,619,2745,2523,8411,8685
Iso_1_369,337,398,6454,7687,24596,27345,2279,1784
Iso_1_370,269,293,1347,1246,4601,4693,17074,18244
Iso_1_371,6179,5098,470,491,1775,1690,19799,21707
Iso_1_372,1434,1695,122,124,499,434,36,33
Iso_1_373,124,161,1722,1380,6345,5486,477,547
Iso_1_374,342,291,108,94,29,18,1005,963
Iso_1_375,426,365,1703,1360,5813,6824,28563,26883
Iso_1_376,12253,11445,322,300,1027,1108,3613,3849
Iso_1_377,7606,7008,1819,1937,561,639,249,121
Iso_1_378,1285,1533,12474,15243,4472,4471,392,375
Iso_1_379,131,94,1431,1130,4454,3583,315,369
Iso_1_380,2297,2607,8664,14007,137,253,923,860
Iso_1_381,455,420,1276,1424,5195,5466,124,144
Iso_1_382,8986,9712,382,506,1862,1777,193,179
Iso_1_383,264,195,13271,13778,895,815,3841,2750
Iso_1_384,11000,8034,854,829,2609,2800,209,230
Iso_1_385,59,59,751,998,2965,2546,238,209
Iso_1_386,1232,1913,6350,4547,131,129,410,489
Iso_1_387,635,699,2499,2812,139,153,11677,9778
Iso_1_388,68,53,7,10,991,1065,227,241
Iso_1_389,5726,5285,1524,1448,134,132,614,421
Iso_1_390,231,263,3259,3300,12383,14798,965,890
Iso_1_391,733,828,192,202,2677,2877,11561,12822
Iso_1_392,4593,4772,21807,19493,1148,1124,313,268
Iso_1_393,3457,3479,824,713,7706,8004,25017,27901
Iso_1_394,80,78,3,5,15,25,9,4
Iso_1_395,557,502,2059,2153,8814,8397,140,104
Iso_1_396,1502,1552,23133,20635,436,413,5852,6018
Iso_1_397,1363,1483,5305,5424,465,445,133,136
Iso_1_398,800,566,12,5,154,179,47,50
Iso_1_399,2292,2056,26839,23676,796,678,8016,8114
Iso_1_400,5596,7070,2173,2109,583,580,22657,22222
Iso_2_1,905,1047,808,845,927,1114,1014,878
Iso_2_2,1080,912,915,967,875,935,1015,853
Iso_2_3,10,9,9,7,6,14,8,10
Iso_2_4,20,22,6,18,15,15,24,18
Iso_2_5,4,7,1,1,4,4,3,4
Iso_2_6,22,15,9,8,11,9,6,14
Iso_2_7,528,585,618,591,552,607,652,654
Iso_2_8,168,184,137,174,209,195,230,224
Iso_2_9,118,137,124,98,94,128,158,120
Iso_2_10,80,63,61,89,64,84,69,64
Iso_2_11,981,837,905,926,989,1020,944,923
Iso_2_12,2818,3076,2785,3548,2877,3636,2966,3407
Iso_2_13,567,391,543,551,577,629,519,574
Iso_2_14,163,203,152,165,174,132,137,160
Iso_2_15,105,121,91,98,78,100,113,90
Iso_2_16,1352,1097,1265,1553,1371,1426,1296,1149
Iso_2_17,994,957,1063,1025,1239,1146,1126,1133
Iso_2_18,1104,1000,1090,1041,1094,1005,936,989
Iso_2_19,1146,1163,896,1027,1097,1046,869,1272
Iso_2_20,466,469,446,378,432,418,494,395
Iso_2_21,1343,1393,1498,1175,1433,1462,1138,1229
Iso_2_22,2393,2614,2522,2301,2299,2691,2095,2813
Iso_2_23,320,273,273,284,356,310,291,317
Iso_2_24,841,882,854,851,902,954,830,802
Iso_2_25,976,1213,1318,1440,1111,1080,1395,1336
Iso_2_26,216,242,227,197,129,182,214,209
Iso_2_27,482,596,615,528,549,579,505,599
Iso_2_28,3033,3163,3179,2858,3038,3059,2650,3019
Iso_2_29,1262,1145,1244,1350,1440,1131,1260,1255
Iso_2_30,298,301,309,270,341,365,365,207
Iso_2_31,87,90,90,97,80,82,103,101
Iso_2_32,800,718,735,723,850,709,743,589
Iso_2_33,472,528,583,643,567,551,531,672
Iso_2_34,7097,7021,7010,6825,7042,6512,7019,6388
Iso_2_35,795,880,834,842,868,761,934,822
Iso_2_36,38,37,19,24,48,29,20,43
Iso_2_37,442,346,447,385,484,347,604,302
Iso_2_38,516,616,745,618,644,595,599,750
Iso_2_39,2244,2064,2324,2295,1880,2288,2275,1754
Iso_2_40,69,61,71,49,82,65,70,50
Iso_2_41,91,82,83,105,96,106,124,116
Iso_2_42,2017,1705,1793,1720,1678,1469,1863,2156
Iso_2_43,1410,1299,1307,1470,1331,1369,1298,1431
Iso_2_44,45,46,53,59,65,50,55,56
Iso_2_45,393,319,453,380,404,479,385,391
Iso_2_46,1963,1769,1908,1693,1870,1791,1642,1978
Iso_2_47,903,939,878,864,921,639,691,830
Iso_2_48,444,352,359,392,446,454,393,383
Iso_2_49,2775,2894,3375,2938,3121,3444,3099,2874
Iso_2_50,1807,1740,1175,1117,1139,1868,1447,1351
Iso_2_51,499,447,325,379,432,480,527,390
Iso_2_52,2862,2746,2656,2943,2859,2502,2451,2539
Iso_2_53,48,33,20,38,39,26,28,27
Iso_2_54,2219,1801,2035,1859,1779,2063,1750,1752
Iso_2_55,130,121,135,123,121,163,156,116
Iso_2_56,482,477,354,404,424,469,453,406
Iso_2_57,78,99,91,86,75,79,91,79
Iso_2_58,435,418,385,434,448,452,451,413
Iso_2_59,394,534,509,465,456,483,395,424
Iso_2_60,1641,1410,2018,2265,1665,1744,1639,2439
Iso_2_61,6006,5638,6056,5347,4907,5370,5953,5916
Iso_2_62,621,582,689,534,653,699,950,693
Iso_2_63,483,517,472,426,522,493,657,556
Iso_2_64,4885,5622,6113,4934,5260,5080,5248,6073
Iso_2_65,222,257,208,256,214,225,181,181
Iso_2_66,339,278,260,372,278,278,313,278
Iso_2_67,348,285,301,387,353,403,277,403
Iso_2_68,2067,1664,1838,1905,1979,2092,1991,2026
Iso_2_69,805,846,963,735,889,850,947,1017
Iso_2_70,1019,1084,1068,1074,1162,1079,1123,1178
Iso_2_71,278,343,293,274,319,279,323,295
Iso_2_72,657,640,882,540,702,536,486,574
Iso_2_73,1495,1108,866,1413,1289,1343,1069,1318
Iso_2_74,97,91,98,68,85,113,96,101
Iso_2_75,472,307,362,291,443,431,433,343
Iso_2_76,117,151,122,75,103,117,126,92
Iso_2_77,6,12,13,9,8,14,9,9
Iso_2_78,550,517,676,547,482,576,511,559
Iso_2_79,688,624,709,709,652,534,701,512
Iso_2_80,485,575,520,470,513,605,440,545
Iso_2_81,130,94,118,135,147,142,125,150
Iso_2_82,73,75,71,86,95,56,79,98
Iso_2_83,215,174,157,205,210,136,203,196
Iso_2_84,3785,3748,3839,3797,4607,4082,4680,4172
Iso_2_85,4608,4049,4714,4392,4490,4455,3658,4361
Iso_2_86,11,8,9,3,8,9,9,7
Iso_2_87,81,71,64,97,102,80,73,98
Iso_2_88,17,16,14,24,9,15,27,29
Iso_2_89,2711,2294,2425,2588,2532,2956,2779,2423
Iso_2_90,222,293,303,353,344,304,329,245
Iso_2_91,1427,1326,1339,1169,1386,1305,1369,1487
Iso_2_92,943,949,935,959,870,932,935,939
Iso_2_93,647,568,559,575,596,500,523,519
Iso_2_94,713,656,738,559,643,603,675,651
Iso_2_95,21,16,17,17,15,10,19,21
Iso_2_96,938,730,918,809,932,892,810,777
Iso_2_97,2127,1578,1945,1674,1798,1800,1949,1868
Iso_2_98,579,490,552,540,584,533,519,544
Iso_2_99,42,33,32,21,39,43,23,23
Iso_2_100,245,281,326,399,223,315,349,358
Iso_2_101,393,422,536,458,522,454,481,456
Iso_2_102,113,106,112,124,91,88,107,102
Iso_2_103,1741,2275,2047,1474,1884,1999,2115,1503
Iso_2_104,243,242,180,226,205,228,176,152
Iso_2_105,6316,6315,5394,6309,7015,5342,5981,6430
Iso_2_106,1649,1345,1751,1771,1408,1624,1884,1833
Iso_2_107,1388,1605,1489,1309,1304,1769,1376,1367
Iso_2_108,508,402,477,583,530,504,447,478
Iso_2_109,1158,1580,1489,1103,1105,1544,1311,1703
Iso_2_110,430,409,415,412,435,415,483,552
Iso_2_111,1513,1369,1190,1384,1483,1804,1741,1782
Iso_2_112,966,971,948,1058,938,987,1018,937
Iso_2_113,95,92,84,60,75,86,96,77
Iso_2_114,188,207,224,207,199,195,178,161
Iso_2_115,271,248,282,270,278,311,257,290
Iso_2_116,1226,1185,1338,1238,1285,1349,1113,981
Iso_2_117,1183,1223,993,1002,886,1312,923,1430
Iso_2_118,158,159,241,234,309,135,254,165
Iso_2_119,50,71,58,57,54,55,51,59
Iso_2_120,746,677,808,984,659,1157,1008,737
Iso_2_121,278,384,274,408,309,262,298,263
Iso_2_122,358,475,382,304,282,388,355,502
Iso_2_123,6469,6414,6795,7687,6385,7141,7502,7085
Iso_2_124,414,356,453,398,474,369,449,434
Iso_2_125,419,414,442,388,525,425,391,524
Iso_2_126,7419,8240,7139,7187,7975,6953,7846,7525
Iso_2_127,1231,840,1035,1065,1066,937,906,1085
Iso_2_128,81,51,52,64,77,87,60,59
Iso_2_129,69,69,60,78,82,65,81,82
Iso_2_130,127,101,132,117,130,107,90,89
Iso_2_131,420,305,327,415,331,226,368,309
Iso_2_132,1516,1528,1435,1542,1421,1452,1708,1459
Iso_2_133,163,150,115,173,164,151,133,173
Iso_2_134,45,56,49,45,36,94,62,58
Iso_2_135,201,197,201,180,192,175,180,210
Iso_2_136,2719,3465,2810,3120,2989,2987,3335,2895
Iso_2_137,164,161,157,164,173,118,126,180
Iso_2_138,771,945,774,762,675,797,978,825
Iso_2_139,669,609,713,634,776,722,692,555
Iso_2_140,3357,3511,3368,3425,3698,3635,3467,3023
Iso_2_141,134,259,215,258,205,231,182,225
Iso_2_142,317,338,271,295,304,297,315,317
Iso_2_143,1240,1202,1271,1270,1217,1319,1242,1318
Iso_2_144,72,65,76,57,75,79,70,67
Iso_2_145,25,23,27,20,13,27,23,32
Iso_2_146,422,444,406,328,356,475,450,427
Iso_2_147,470,411,451,529,494,407,458,429
Iso_2_148,4023,5092,4319,4603,4364,4286,4060,4047
Iso_2_149,138,125,159,157,112,218,181,98
Iso_2_150,440,296,446,349,332,305,379,393
Iso_2_151,89,78,72,78,84,71,65,77
Iso_2_152,3,6,6,6,7,5,5,10
Iso_2_153,975,911,1112,1027,950,1224,1540,1260
Iso_2_154,39,43,52,24,36,61,48,63
Iso_2_155,709,678,816,621,690,628,671,600
Iso_2_156,372,287,312,206,272,319,420,416
Iso_2_157,54,58,57,46,39,52,59,35
Iso_2_158,445,565,574,478,570,567,462,501
Iso_2_159,1550,1222,1240,1325,1328,1273,1077,1204
Iso_2_160,577,527,507,643,625,492,531,640
Iso_2_161,871,830,805,809,779,891,938,1020
Iso_2_162,1436,1436,1184,1350,1653,1263,1367,1312
Iso_2_163,153,99,154,143,124,82,179,139
Iso_2_164,367,618,412,669,527,508,419,468
Iso_2_165,1051,898,856,841,807,759,776,921
Iso_2_166,898,925,925,866,964,782,936,1043
Iso_2_167,237,229,262,280,246,257,234,276
Iso_2_168,60,85,45,72,44,80,44,62
Iso_2_169,321,268,261,302,303,309,199,238
Iso_2_170,99,86,132,75,55,95,114,97
Iso_2_171,182,146,224,149,197,179,208,200
Iso_2_172,601,439,557,541,577,499,481,578
Iso_2_173,479,349,306,321,339,262,359,426
Iso_2_174,501,461,492,392,524,482,479,514
Iso_2_175,244,255,221,279,225,262,279,243
Iso_2_176,36,23,16,34,19,30,27,36
Iso_2_177,2033,1321,1608,1787,1575,1978,1446,1590
Iso_2_178,94,105,102,94,99,93,100,84
Iso_2_179,1515,1322,1304,1277,1445,1200,1425,1377
Iso_2_180,450,555,500,454,469,530,465,480
Iso_2_181,557,612,451,711,509,728,604,668
Iso_2_182,281,253,317,226,255,279,234,280
Iso_2_183,339,234,275,227,252,376,320,278
Iso_2_184,381,416,427,380,360,410,423,380
Iso_2_185,229,238,245,297,216,228,230,252
Iso_2_186,898,842,702,664,683,704,974,721
Iso_2_187,514,661,447,507,476,644,661,602
Iso_2_188,766,738,704,799,950,742,756,758
Iso_2_189,52,46,58,71,56,65,53,51
Iso_2_190,1050,959,1114,907,1231,951,886,869
Iso_2_191,500,420,362,492,470,551,504,472
Iso_2_192,1603,1269,1300,1397,1734,1211,1201,1175
Iso_2_193,336,409,296,387,395,336,335,333
Iso_2_194,4893,4555,4804,6230,3483,5447,4770,3964
Iso_2_195,1321,1324,919,1090,728,1133,1320,957
Iso_2_196,2740,2190,2559,2586,2537,2554,1938,2545
Iso_2_197,962,1077,966,907,1061,974,972,887
Iso_2_198,333,340,331,271,307,306,356,327
Iso_2_199,1633,1505,1572,1515,1630,1633,1589,1610
Iso_2_200,252,186,278,224,258,359,256,251
Iso_2_201,800,974,815,775,787,966,888,748
Iso_2_202,691,691,734,732,679,683,672,706
Iso_2_203,321,438,427,359,427,414,429,523
Iso_2_204,9,9,4,3,12,12,4,7
Iso_2_205,524,479,467,378,479,461,488,465
Iso_2_206,551,568,517,542,514,579,567,516
Iso_2_207,74,60,78,75,72,59,48,68
Iso_2_208,891,995,942,1041,976,977,931,980
Iso_2_209,325,185,162,168,268,151,149,144
Iso_2_210,300,323,353,382,249,297,350,295
Iso_2_211,1023,1177,1247,1005,1144,1006,1115,988
Iso_2_212,576,489,681,502,539,543,653,344
Iso_2_213,430,308,462,366,414,355,401,384
Iso_2_214,680,651,588,690,606,613,699,619
Iso_2_215,91,156,148,169,166,137,125,148
Iso_2_216,156,145,142,163,141,173,143,150
Iso_2_217,4884,6319,3678,3576,5204,4433,4756,4352
Iso_2_218,34,29,30,36,33,27,24,32
Iso_2_219,3484,2578,2845,2928,3326,2628,2686,2903
Iso_2_220,548,543,530,622,597,513,573,589
Iso_2_221,1111,1176,1035,748,1080,1262,780,1310
Iso_2_222,150,140,209,178,159,161,204,249
Iso_2_223,20,14,20,24,26,16,23,11
Iso_2_224,63,47,47,69,57,64,49,62
Iso_2_225,59,47,67,58,44,58,56,43
Iso_2_226,475,555,574,457,532,391,446,500
Iso_2_227,480,454,421,415,539,467,535,640
Iso_2_228,1972,2226,2114,1899,1894,1916,2210,1938
Iso_2_229,2666,2526,2432,2788,2363,2800,2739,2656
Iso_2_230,24,15,18,23,8,16,19,12
Iso_2_231,159,181,202,168,134,180,181,146
Iso_2_232,70,66,56,64,52,55,38,64
Iso_2_233,5360,6607,6428,5025,5539,6125,6171,5326
Iso_2_234,2016,2026,2162,2273,2077,2069,2128,1825
Iso_2_235,547,516,530,499,575,486,598,545
Iso_2_236,94,123,141,117,112,103,110,95
Iso_2_237,472,438,363,405,460,369,430,505
Iso_2_238,212,194,186,192,219,200,175,207
Iso_2_239,1297,1123,949,902,981,1095,962,1065
Iso_2_240,100,144,108,106,133,117,109,120
Iso_2_241,79,81,86,71,84,69,101,131
Iso_2_242,3296,3115,3506,3398,3290,3547,3325,3700
Iso_2_243,2022,2410,2146,2406,2072,2055,1731,2044
Iso_2_244,75,59,88,72,87,77,58,61
Iso_2_245,405,353,363,293,399,299,348,312
Iso_2_246,145,146,168,192,187,174,196,167
Iso_2_247,22,27,12,35,28,16,26,24
Iso_2_248,661,561,618,669,613,714,742,662
Iso_2_249,342,319,330,336,323,369,348,378
Iso_2_250,336,308,369,348,361,304,282,333
Iso_2_251,159,147,140,177,171,137,137,157
Iso_2_252,1416,1209,1286,1380,1387,1394,1466,1443
Iso_2_253,360,274,294,323,294,315,347,218
Iso_2_254,16,12,24,14,20,30,21,17
Iso_2_255,209,193,199,182,209,223,177,215
Iso_2_256,145,136,113,138,130,101,101,143
Iso_2_257,78,92,91,80,96,108,85,80
Iso_2_258,1506,1260,1111,1284,1509,1348,1141,1350
Iso_2_259,152,154,148,172,121,123,164,108
Iso_2_260,706,571,619,654,677,689,563,591
Iso_2_261,1739,2066,1850,1832,1578,1860,1847,2333
Iso_2_262,713,666,676,746,631,784,635,799
Iso_2_263,6061,5685,5110,4823,5620,4970,5012,5308
Iso_2_264,2140,1694,1932,1238,1541,1840,1338,2029
Iso_2_265,429,392,458,332,518,379,456,404
Iso_2_266,2874,5051,3432,3470,3425,4074,3500,3341
Iso_2_267,2828,2750,2446,2836,2332,2442,2218,2408
Iso_2_268,102,111,130,128,133,119,110,121
Iso_2_269,2,5,9,3,4,7,5,4
Iso_2_270,851,777,824,908,851,674,929,795
Iso_2_271,71,108,98,103,70,88,87,66
Iso_2_272,1385,1536,1960,1195,1317,872,1064,1707
Iso_2_273,17,7,14,12,10,10,10,16
Iso_2_274,1351,1123,1095,1280,1268,1273,978,760
Iso_2_275,122,114,135,104,108,81,114,126
Iso_2_276,918,872,924,933,964,849,845,1048
Iso_2_277,372,363,381,388,400,364,383,297
Iso_2_278,265,285,274,251,331,295,310,334
Iso_2_279,1053,818,969,824,851,852,944,1022
Iso_2_280,357,336,295,325,235,335,253,300
Iso_2_281,1480,1329,1234,1174,1056,1060,1163,1345
Iso_2_282,431,510,552,543,556,417,558,545
Iso_2_283,983,1014,1097,1053,1044,954,1008,1113
Iso_2_284,53,71,61,66,56,62,66,54
Iso_2_285,1292,1342,994,1236,1160,1252,1295,1016
Iso_2_286,6,1,5,1,6,8,7,2
Iso_2_287,1113,1362,877,1097,1004,1184,1124,963
Iso_2_288,281,205,235,242,249,324,244,286
Iso_2_289,284,239,261,270,276,301,272,202
Iso_2_290,1200,1091,1061,1401,1413,1299,941,1367
Iso_2_291,13,14,10,11,15,9,15,11
Iso_2_292,2468,3473,3650,3334,2874,2745,3431,3774
Iso_2_293,331,383,329,352,375,374,367,386
Iso_2_294,45,42,31,33,40,40,42,24
Iso_2_295,158,145,229,137,165,188,165,131
Iso_2_296,78,110,99,108,114,111,84,92
Iso_2_297,148,136,104,123,148,140,138,159
Iso_2_298,92,39,64,81,46,60,70,78
Iso_2_299,904,911,805,870,919,890,818,853
Iso_2_300,615,501,626,664,562,475,521,607
Iso_3_1,7,13,15,14,11,16,9,11
Iso_3_2,697,720,815,649,764,590,652,684
Iso_3_3,449,419,425,460,487,447,428,523
Iso_3_4,588,481,419,340,513,453,434,617
Iso_3_5,9204,8407,7733,8590,8292,8888,7286,8710
Iso_3_6,17,25,24,14,17,20,20,21
Iso_3_7,38,43,35,48,52,49,46,32
Iso_3_8,361,440,415,314,386,321,414,359
Iso_3_9,4234,3897,4375,4036,4077,4235,4430,4927
Iso_3_10,602,528,540,441,558,459,457,512
Iso_3_11,900,1247,1107,806,709,1196,915,750
Iso_3_12,76,106,62,104,54,88,83,70
Iso_3_13,40,27,25,26,32,20,43,33
Iso_3_14,17,13,14,11,12,23,10,19
Iso_3_15,718,860,868,803,925,807,976,911
Iso_3_16,220,223,230,250,218,228,258,224
Iso_3_17,513,535,312,280,488,384,398,280
Iso_3_18,144,125,102,118,120,121,97,133
Iso_3_19,707,488,754,703,568,610,758,635
Iso_3_20,360,400,363,374,377,372,328,376
Iso_3_21,2303,1951,2577,2164,2346,2496,2061,2070
Iso_3_22,6,6,4,4,4,4,8,1
Iso_3_23,4394,3780,4652,3909,4526,4073,3888,4444
Iso_3_24,3375,3002,2849,2885,3191,2635,2644,2672
Iso_3_25,18,14,25,17,27,22,18,18
Iso_3_26,20,17,10,12,21,20,6,16
Iso_3_27,83,96,73,73,81,94,118,99
Iso_3_28,3231,2792,2188,2762,3197,3123,2707,3296
Iso_3_29,5661,5462,5467,4830,3986,4092,4246,4662
Iso_3_30,232,233,239,229,232,245,259,252
Iso_3_31,20,25,23,27,36,17,30,28
Iso_3_32,1054,929,912,660,883,905,823,920
Iso_3_33,507,703,621,574,795,620,530,792
Iso_3_34,185,152,185,115,152,146,148,175
Iso_3_35,1793,1289,1591,1439,1710,1600,1614,1578
Iso_3_36,1555,1446,1472,1395,1366,1373,1703,1470
Iso_3_37,1843,2032,1928,2234,2316,1889,2043,2047
Iso_3_38,2084,2122,2377,2390,2150,2085,2467,2241
Iso_3_39,522,511,467,526,510,512,610,513
Iso_3_40,179,184,176,142,183,168,216,169
Iso_3_41,105,133,131,94,87,121,146,118
Iso_3_42,77,96,87,108,68,78,83,103
Iso_3_43,928,830,714,841,970,950,803,912
Iso_3_44,2715,2404,2296,2024,2188,2362,2003,2511
Iso_3_45,251,243,272,261,264,264,244,203
Iso_3_46,202,234,220,234,231,197,184,231
Iso_3_47,131,146,142,173,140,163,148,138
Iso_3_48,1175,1133,1502,1216,1005,1364,1351,1193
Iso_3_49,2268,2122,1921,1968,2050,2136,1893,2058
Iso_3_50,302,397,349,418,314,339,325,347
Iso_3_51,823,730,658,778,798,602,757,427
Iso_3_52,584,463,599,650,572,524,631,559
Iso_3_53,200,179,189,231,177,193,207,195
Iso_3_54,218,239,209,235,263,152,216,192
Iso_3_55,26,20,16,9,13,11,22,23
Iso_3_56,99,57,82,128,120,81,85,122
Iso_3_57,1380,1371,1499,1586,1467,1516,1552,1347
Iso_3_58,549,658,551,669,665,551,688,684
Iso_3_59,623,640,685,691,685,596,629,636
Iso_3_60,1545,1457,1243,1329,1326,1081,1086,958
Iso_3_61,716,667,674,753,691,893,842,852
Iso_3_62,542,541,682,542,642,581,560,572
Iso_3_63,2263,1585,2278,2304,1663,2383,1673,1733
Iso_3_64,624,648,587,616,603,577,566,594
Iso_3_65,36,32,41,31,45,28,57,57
Iso_3_66,34,30,32,39,38,29,40,32
Iso_3_67,1216,1556,1664,1388,1208,977,1253,1149
Iso_3_68,1017,1055,1075,1024,1157,1187,1118,1102
Iso_3_69,33,26,31,26,24,30,34,27
Iso_3_70,317,277,251,328,304,316,312,320
Iso_3_71,219,195,232,219,181,227,261,207
Iso_3_72,644,547,570,595,637,600,683,607
Iso_3_73,15,19,19,22,22,21,9,11
Iso_3_74,419,402,431,353,273,367,355,390
Iso_3_75,322,306,430,441,325,277,281,324
Iso_3_76,3134,2763,2694,2725,2661,2642,2909,3019
Iso_3_77,325,345,362,300,344,298,317,285
Iso_3_78,697,736,703,707,678,777,608,691
Iso_3_79,288,284,283,242,211,203,296,252
Iso_3_80,4540,5006,4724,4291,4698,3623,5188,3498
Iso_3_81,20,25,31,20,30,20,30,20
Iso_3_82,99,83,117,69,82,57,87,78
Iso_3_83,79,134,113,116,103,120,111,122
Iso_3_84,419,559,549,434,476,483,549,590
Iso_3_85,215,310,375,191,301,339,298,349
Iso_3_86,137,146,83,104,151,172,112,178
Iso_3_87,1342,1788,2167,1456,1168,1460,1766,1185
Iso_3_88,531,773,738,505,620,705,614,708
Iso_3_89,555,376,430,313,508,496,413,480
Iso_3_90,334,316,339,287,345,272,271,290
Iso_3_91,1266,1541,1730,1869,2147,1698,1844,1386
Iso_3_92,87,111,102,138,103,107,94,148
Iso_3_93,2936,2846,3468,2790,3048,2446,3156,2913
Iso_3_94,817,853,909,860,888,847,879,797
Iso_3_95,53,41,53,27,29,31,53,30
Iso_3_96,1838,1959,1754,1678,1902,1771,1796,1975
Iso_3_97,6076,6068,6055,6738,7249,6640,7333,6214
Iso_3_98,194,209,251,168,175,172,182,199
Iso_3_99,46,68,77,46,62,49,90,88
Iso_3_100,82,57,81,96,95,97,65,74
Iso_3_101,2825,3642,2917,3278,3200,3458,3098,2448
Iso_3_102,465,424,467,525,430,525,454,396
Iso_3_103,86,120,141,120,117,128,134,127
Iso_3_104,697,718,750,719,672,675,742,644
Iso_3_105,97,103,110,93,126,136,126,118
Iso_3_106,1409,1518,1548,1635,1537,1374,1574,1655
Iso_3_107,679,694,692,751,830,712,707,852
Iso_3_108,1094,965,947,936,1169,779,1247,912
Iso_3_109,1560,1798,1656,1373,1597,1807,1843,1513
Iso_3_110,500,453,554,427,485,360,544,481
Iso_3_111,862,977,942,924,959,975,909,1013
Iso_3_112,826,632,832,806,572,686,791,750
Iso_3_113,990,901,1042,891,981,1072,926,1006
Iso_3_114,2391,2374,2111,1930,2935,2801,2063,2230
Iso_3_115,868,1011,644,825,864,1102,887,879
Iso_3_116,237,234,209,263,225,285,231,182
Iso_3_117,533,460,453,495,477,447,431,413
Iso_3_118,683,825,686,668,681,677,608,710
Iso_3_119,318,313,252,275,235,275,255,291
Iso_3_120,1148,1201,1060,1154,1047,1176,1096,1194
Iso_3_121,658,797,710,696,916,753,754,783
Iso_3_122,390,395,593,529,523,413,501,517
Iso_3_123,3892,4484,4041,3714,4558,4364,4327,4634
Iso_3_124,5,15,10,7,14,10,9,9
Iso_3_125,496,496,513,607,565,665,765,519
Iso_3_126,1464,1516,1474,1328,1478,1544,1326,1542
Iso_3_127,845,669,407,522,584,557,626,727
Iso_3_128,31,33,19,33,42,34,20,21
Iso_3_129,786,843,841,785,763,868,811,730
Iso_3_130,279,344,302,317,352,265,335,293
Iso_3_131,120,149,159,142,164,166,118,166
Iso_3_132,502,419,415,450,493,313,431,460
Iso_3_133,599,440,704,624,659,607,533,748
Iso_3_134,626,565,650,576,557,571,674,621
Iso_3_135,193,204,153,231,179,148,181,219
Iso_3_136,938,933,818,1293,793,861,801,639
Iso_3_137,2153,2332,2325,2055,2600,1659,2191,2431
Iso_3_138,4874,6651,7265,6954,8134,5324,5351,5978
Iso_3_139,933,653,807,687,740,816,1217,804
Iso_3_140,6,2,1,5,5,3,5,4
Iso_3_141,149,150,128,142,143,149,141,170
Iso_3_142,1408,1539,1359,1408,1466,1491,1350,1381
Iso_3_143,955,840,802,903,861,845,877,905
Iso_3_144,1010,981,860,835,804,977,980,934
Iso_3_145,109,98,75,79,76,88,53,94
Iso_3_146,2411,2545,2186,2765,2232,1963,2390,3426
Iso_3_147,223,246,291,287,265,206,239,189
Iso_3_148,683,757,731,690,585,803,823,639
Iso_3_149,77,82,84,89,88,92,112,95
Iso_3_150,166,121,138,131,146,133,148,134
Iso_3_151,5284,5500,5686,5741,5442,5284,5765,5163
Iso_3_152,249,272,239,277,278,272,203,230
Iso_3_153,1431,1245,1343,1380,1445,1429,1367,1509
Iso_3_154,24,21,31,24,16,22,27,27
Iso_3_155,327,264,235,192,224,219,326,205
Iso_3_156,30,33,25,18,57,37,45,29
Iso_3_157,256,237,313,332,286,378,307,287
Iso_3_158,1403,1478,1127,1508,1168,1492,1220,987
Iso_3_159,725,878,779,965,651,739,925,836
Iso_3_160,2218,1958,1949,2047,2291,1779,2151,2104
Iso_3_161,18,17,21,19,21,25,28,16
Iso_3_162,1022,1450,1108,1132,1141,1021,1239,1371
Iso_3_163,1671,1416,1443,1603,1731,1527,1869,1337
Iso_3_164,2181,2248,2270,2257,2174,2292,2159,2087
Iso_3_165,18,40,39,45,33,31,43,58
Iso_3_166,890,893,815,773,703,677,912,747
Iso_3_167,1556,1378,1692,1475,1422,1359,1496,1022
Iso_3_168,310,293,285,267,363,370,354,434
Iso_3_169,322,303,316,296,321,323,317,273
Iso_3_170,116,94,99,112,115,107,93,124
Iso_3_171,227,205,293,201,192,281,157,178
Iso_3_172,95,92,83,80,77,87,76,75
Iso_3_173,138,90,83,75,112,91,72,77
Iso_3_174,4376,4437,3378,3282,2660,4969,4617,5262
Iso_3_175,1027,847,1138,943,885,1080,920,857
Iso_3_176,10,7,12,10,8,10,10,8
Iso_3_177,1059,1055,1237,1685,1094,1214,1231,1032
Iso_3_178,1489,1533,1374,1639,1562,1406,1383,1559
Iso_3_179,204,229,199,200,248,215,202,253
Iso_3_180,25,27,33,22,30,24,18,16
Iso_3_181,1171,1227,1152,1211,1252,1108,1251,1324
Iso_3_182,440,554,488,547,669,619,598,606
Iso_3_183,6824,6513,5652,7007,6032,8094,6051,6846
Iso_3_184,314,178,205,223,235,299,257,238
Iso_3_185,18,16,24,31,16,21,22,15
Iso_3_186,562,643,541,570,599,499,527,558
Iso_3_187,677,677,770,741,602,717,747,764
Iso_3_188,198,172,163,193,197,192,193,178
Iso_3_189,639,628,688,717,616,667,707,664
Iso_3_190,1663,1316,1531,1437,1259,1244,1447,1346
Iso_3_191,552,402,598,393,537,481,465,547
Iso_3_192,284,237,221,228,232,250,236,247
Iso_3_193,307,261,276,368,254,322,362,437
Iso_3_194,321,265,295,296,294,266,268,243
Iso_3_195,1007,964,879,919,966,763,975,1008
Iso_3_196,334,282,320,258,298,319,271,294
Iso_3_197,1036,1109,875,813,760,669,956,857
Iso_3_198,1025,841,832,798,837,823,796,847
Iso_3_199,604,594,640,606,586,537,651,581
Iso_3_200,5038,4690,4892,5374,5818,5162,5226,4960
Iso_3_201,544,570,600,574,631,624,657,694
Iso_3_202,139,137,123,125,123,91,120,114
Iso_3_203,245,203,227,273,214,239,206,247
Iso_3_204,129,109,103,108,90,123,110,109
Iso_3_205,346,339,309,369,360,360,323,261
Iso_3_206,21,18,14,22,14,15,23,8
Iso_3_207,3957,4804,5498,5451,3698,3924,5032,4109
Iso_3_208,523,517,447,630,549,611,474,628
Iso_3_209,113,105,106,95,83,121,113,91
Iso_3_210,237,178,212,183,208,185,172,127
Iso_3_211,50,67,46,66,60,43,56,50
Iso_3_212,70,40,45,41,53,59,40,65
Iso_3_213,76,107,76,97,81,87,83,82
Iso_3_214,669,473,493,532,494,404,344,452
Iso_3_215,493,492,490,498,467,453,458,465
Iso_3_216,151,139,141,147,164,148,135,162
Iso_3_217,75,74,81,60,73,71,76,76
Iso_3_218,335,375,397,460,460,352,368,410
Iso_3_219,314,324,312,353,336,389,337,370
Iso_3_220,85,90,117,82,64,95,66,56
Iso_3_221,367,568,460,406,326,404,370,442
Iso_3_222,339,289,268,324,401,365,266,224
Iso_3_223,2246,2011,1983,1952,2362,1848,1818,2080
Iso_3_224,226,221,233,250,261,281,275,320
Iso_3_225,113,94,107,142,136,128,100,143
Iso_3_226,316,332,341,296,308,326,335,376
Iso_3_227,90,121,118,102,98,93,82,113
Iso_3_228,966,854,774,875,860,998,882,902
Iso_3_229,1529,2225,1831,1980,1873,1882,2165,1771
Iso_3_230,4465,5982,5465,5356,5818,5868,5929,6123
Iso_3_231,183,154,196,153,179,163,132,118
Iso_3_232,1325,1141,1645,1573,1534,1310,1250,1147
Iso_3_233,335,304,379,275,334,328,334,268
Iso_3_234,1831,2278,1782,2098,1974,1735,1817,1330
Iso_3_235,354,436,411,385,431,301,599,454
Iso_3_236,501,428,441,468,472,478,377,481
Iso_3_237,2850,2288,2445,2649,2343,2531,2813,2160
Iso_3_238,184,189,170,160,160,152,171,174
Iso_3_239,1870,2970,3043,2097,2026,1599,3161,2633
Iso_3_240,718,611,700,732,684,701,728,713
Iso_3_241,310,321,285,245,347,323,237,344
Iso_3_242,797,794,680,843,682,733,710,906
Iso_3_243,141,125,141,113,124,105,118,120
Iso_3_244,1283,1255,1143,1205,1218,1169,1244,1249
Iso_3_245,1526,1490,1563,1481,1497,1504,1650,1695
Iso_3_246,2517,3120,2737,2152,2513,2641,3335,3074
Iso_3_247,1206,1019,1518,1261,1242,1597,1136,1360
Iso_3_248,434,313,294,366,392,343,391,292
Iso_3_249,3706,3537,3656,3317,3459,3457,3006,4285
Iso_3_250,109,156,113,87,124,124,134,97
Iso_3_251,439,402,450,367,384,397,435,432
Iso_3_252,1262,1281,1323,1550,1467,1076,1139,1516
Iso_3_253,331,325,295,364,304,246,377,328
Iso_3_254,8612,7699,7266,7514,6890,6528,6939,6739
Iso_3_255,753,697,713,661,700,751,672,761
Iso_3_256,776,928,782,789,896,824,775,978
Iso_3_257,376,332,294,303,229,332,336,357
Iso_3_258,1170,1400,1130,929,1129,1047,1251,1170
Iso_3_259,423,432,451,413,416,405,463,484
Iso_3_260,5908,5851,5587,5986,5529,5207,6055,5977
Iso_3_261,188,204,176,182,164,130,157,182
Iso_3_262,1062,802,1075,790,966,899,1108,583
Iso_3_263,312,259,248,290,273,332,333,284
Iso_3_264,205,239,184,220,226,187,196,202
Iso_3_265,50,32,38,25,30,37,37,25
Iso_3_266,106,90,117,71,82,78,93,114
Iso_3_267,1693,1945,1941,1734,2194,1765,2020,2072
Iso_3_268,742,765,635,657,575,646,643,769
Iso_3_269,358,399,442,366,390,380,415,398
Iso_3_270,151,186,121,132,146,107,124,142
Iso_3_271,287,229,258,198,235,217,285,205
Iso_3_272,199,242,230,222,209,204,207,244
Iso_3_273,30,26,39,32,48,30,39,43
Iso_3_274,1451,1886,1862,1812,1974,1513,1916,1716
Iso_3_275,304,384,460,293,199,367,462,375
Iso_3_276,93,81,96,109,106,102,104,75
Iso_3_277,1286,1160,1237,1167,1184,1205,1164,1099
Iso_3_278,1342,1278,1492,1441,1150,1261,1289,1624
Iso_3_279,1492,2445,1317,1092,1274,1265,1701,1903
Iso_3_280,236,228,223,193,260,203,222,258
Iso_3_281,5770,7817,8245,7783,6129,6216,6631,7509
Iso_3_282,271,335,309,307,391,396,399,345
Iso_3_283,927,968,1106,841,898,830,909,871
Iso_3_284,276,371,278,255,237,389,386,312
Iso_3_285,142,142,147,132,116,149,120,154
Iso_3_286,835,891,809,1080,994,871,1141,861
Iso_3_287,286,300,329,308,303,342,284,287
Iso_3_288,51,51,54,53,58,56,56,50
Iso_3_289,68,66,96,81,91,96,84,78
Iso_3_290,275,273,251,248,239,279,251,299
Iso_3_291,4040,3389,3565,3413,3636,3274,3489,3342
Iso_3_292,181,187,222,183,234,168,228,162
Iso_3_293,560,734,411,546,649,704,666,781
Iso_3_294,25,18,31,25,18,24,23,22
Iso_3_295,1781,1750,1781,1691,1488,1284,1276,1359
Iso_3_296,2653,2141,2064,2375,2544,2205,1961,2146
Iso_3_297,475,380,464,356,449,439,371,365
Iso_3_298,183,137,85,148,119,117,142,101
Iso_3_299,4087,3799,4791,4041,4418,4776,4486,4979
Iso_3_300,1245,1368,1484,1462,1410,1362,1562,1301
